index,model,dataset,horizon,seed,epochs,batch_size,status
1,Crossformer,ETTh1,96,3407,20,32,pending
2,Crossformer,ETTh1,96,3408,20,32,pending
3,Crossformer,ETTh1,96,3409,20,32,pending
4,Crossformer,ETTh1,192,3407,20,32,pending
5,Crossformer,ETTh1,192,3408,20,32,pending
6,Crossformer,ETTh1,192,3409,20,32,pending
7,Crossformer,ETTh1,336,3407,20,32,pending
8,Crossformer,ETTh1,336,3408,20,32,pending
9,Crossformer,ETTh1,336,3409,20,32,pending
10,Crossformer,ETTh1,720,3407,20,32,pending
11,Crossformer,ETTh1,720,3408,20,32,pending
12,Crossformer,ETTh1,720,3409,20,32,pending
13,Crossformer,ETTh2,96,3407,20,32,pending
14,Crossformer,ETTh2,96,3408,20,32,pending
15,Crossformer,ETTh2,96,3409,20,32,pending
16,Crossformer,ETTh2,192,3407,20,32,pending
17,Crossformer,ETTh2,192,3408,20,32,pending
18,Crossformer,ETTh2,192,3409,20,32,pending
19,Crossformer,ETTh2,336,3407,20,32,pending
20,Crossformer,ETTh2,336,3408,20,32,pending
21,Crossformer,ETTh2,336,3409,20,32,pending
22,Crossformer,ETTh2,720,3407,20,32,pending
23,Crossformer,ETTh2,720,3408,20,32,pending
24,Crossformer,ETTh2,720,3409,20,32,pending
25,Crossformer,ETTm1,96,3407,20,32,pending
26,Crossformer,ETTm1,96,3408,20,32,pending
27,Crossformer,ETTm1,96,3409,20,32,pending
28,Crossformer,ETTm1,192,3407,20,32,pending
29,Crossformer,ETTm1,192,3408,20,32,pending
30,Crossformer,ETTm1,192,3409,20,32,pending
31,Crossformer,ETTm1,336,3407,20,32,pending
32,Crossformer,ETTm1,336,3408,20,32,pending
33,Crossformer,ETTm1,336,3409,20,32,pending
34,Crossformer,ETTm1,720,3407,20,32,pending
35,Crossformer,ETTm1,720,3408,20,32,pending
36,Crossformer,ETTm1,720,3409,20,32,pending
37,Crossformer,ETTm2,96,3407,20,32,pending
38,Crossformer,ETTm2,96,3408,20,32,pending
39,Crossformer,ETTm2,96,3409,20,32,pending
40,Crossformer,ETTm2,192,3407,20,32,pending
41,Crossformer,ETTm2,192,3408,20,32,pending
42,Crossformer,ETTm2,192,3409,20,32,pending
43,Crossformer,ETTm2,336,3407,20,32,pending
44,Crossformer,ETTm2,336,3408,20,32,pending
45,Crossformer,ETTm2,336,3409,20,32,pending
46,Crossformer,ETTm2,720,3407,20,32,pending
47,Crossformer,ETTm2,720,3408,20,32,pending
48,Crossformer,ETTm2,720,3409,20,32,pending
49,Crossformer,Weather,96,3407,20,32,pending
50,Crossformer,Weather,96,3408,20,32,pending
51,Crossformer,Weather,96,3409,20,32,pending
52,Crossformer,Weather,192,3407,20,32,pending
53,Crossformer,Weather,192,3408,20,32,pending
54,Crossformer,Weather,192,3409,20,32,pending
55,Crossformer,Weather,336,3407,20,32,pending
56,Crossformer,Weather,336,3408,20,32,pending
57,Crossformer,Weather,336,3409,20,32,pending
58,Crossformer,Weather,720,3407,20,32,pending
59,Crossformer,Weather,720,3408,20,32,pending
60,Crossformer,Weather,720,3409,20,32,pending
61,Crossformer,Electricity,96,3407,20,16,pending
62,Crossformer,Electricity,96,3408,20,16,pending
63,Crossformer,Electricity,96,3409,20,16,pending
64,Crossformer,Electricity,192,3407,20,16,pending
65,Crossformer,Electricity,192,3408,20,16,pending
66,Crossformer,Electricity,192,3409,20,16,pending
67,Crossformer,Electricity,336,3407,20,16,pending
68,Crossformer,Electricity,336,3408,20,16,pending
69,Crossformer,Electricity,336,3409,20,16,pending
70,Crossformer,Electricity,720,3407,20,16,pending
71,Crossformer,Electricity,720,3408,20,16,pending
72,Crossformer,Electricity,720,3409,20,16,pending
73,Crossformer,ILI,24,3407,20,32,pending
74,Crossformer,ILI,24,3408,20,32,pending
75,Crossformer,ILI,24,3409,20,32,pending
76,Crossformer,ILI,36,3407,20,32,pending
77,Crossformer,ILI,36,3408,20,32,pending
78,Crossformer,ILI,36,3409,20,32,pending
79,Crossformer,ILI,48,3407,20,32,pending
80,Crossformer,ILI,48,3408,20,32,pending
81,Crossformer,ILI,48,3409,20,32,pending
82,Crossformer,ILI,60,3407,20,32,pending
83,Crossformer,ILI,60,3408,20,32,pending
84,Crossformer,ILI,60,3409,20,32,pending
85,Crossformer,ExchangeRate,96,3407,20,32,pending
86,Crossformer,ExchangeRate,96,3408,20,32,pending
87,Crossformer,ExchangeRate,96,3409,20,32,pending
88,Crossformer,ExchangeRate,192,3407,20,32,pending
89,Crossformer,ExchangeRate,192,3408,20,32,pending
90,Crossformer,ExchangeRate,192,3409,20,32,pending
91,Crossformer,ExchangeRate,336,3407,20,32,pending
92,Crossformer,ExchangeRate,336,3408,20,32,pending
93,Crossformer,ExchangeRate,336,3409,20,32,pending
94,Crossformer,ExchangeRate,720,3407,20,32,pending
95,Crossformer,ExchangeRate,720,3408,20,32,pending
96,Crossformer,ExchangeRate,720,3409,20,32,pending
97,Crossformer,Traffic,96,3407,20,8,pending
98,Crossformer,Traffic,96,3408,20,8,pending
99,Crossformer,Traffic,96,3409,20,8,pending
100,Crossformer,Traffic,192,3407,20,8,pending
101,Crossformer,Traffic,192,3408,20,8,pending
102,Crossformer,Traffic,192,3409,20,8,pending
103,Crossformer,Traffic,336,3407,20,8,pending
104,Crossformer,Traffic,336,3408,20,8,pending
105,Crossformer,Traffic,336,3409,20,8,pending
106,Crossformer,Traffic,720,3407,20,8,pending
107,Crossformer,Traffic,720,3408,20,8,pending
108,Crossformer,Traffic,720,3409,20,8,pending
109,PatchTST,ETTh1,96,3407,100,64,pending
110,PatchTST,ETTh1,96,3408,100,64,pending
111,PatchTST,ETTh1,96,3409,100,64,pending
112,PatchTST,ETTh1,192,3407,100,64,pending
113,PatchTST,ETTh1,192,3408,100,64,pending
114,PatchTST,ETTh1,192,3409,100,64,pending
115,PatchTST,ETTh1,336,3407,100,64,pending
116,PatchTST,ETTh1,336,3408,100,64,pending
117,PatchTST,ETTh1,336,3409,100,64,pending
118,PatchTST,ETTh1,720,3407,100,64,pending
119,PatchTST,ETTh1,720,3408,100,64,pending
120,PatchTST,ETTh1,720,3409,100,64,pending
121,PatchTST,ETTh2,96,3407,100,64,pending
122,PatchTST,ETTh2,96,3408,100,64,pending
123,PatchTST,ETTh2,96,3409,100,64,pending
124,PatchTST,ETTh2,192,3407,100,64,pending
125,PatchTST,ETTh2,192,3408,100,64,pending
126,PatchTST,ETTh2,192,3409,100,64,pending
127,PatchTST,ETTh2,336,3407,100,64,pending
128,PatchTST,ETTh2,336,3408,100,64,pending
129,PatchTST,ETTh2,336,3409,100,64,pending
130,PatchTST,ETTh2,720,3407,100,64,pending
131,PatchTST,ETTh2,720,3408,100,64,pending
132,PatchTST,ETTh2,720,3409,100,64,pending
133,PatchTST,ETTm1,96,3407,100,64,pending
134,PatchTST,ETTm1,96,3408,100,64,pending
135,PatchTST,ETTm1,96,3409,100,64,pending
136,PatchTST,ETTm1,192,3407,100,64,pending
137,PatchTST,ETTm1,192,3408,100,64,pending
138,PatchTST,ETTm1,192,3409,100,64,pending
139,PatchTST,ETTm1,336,3407,100,64,pending
140,PatchTST,ETTm1,336,3408,100,64,pending
141,PatchTST,ETTm1,336,3409,100,64,pending
142,PatchTST,ETTm1,720,3407,100,64,pending
143,PatchTST,ETTm1,720,3408,100,64,pending
144,PatchTST,ETTm1,720,3409,100,64,pending
145,PatchTST,ETTm2,96,3407,100,64,pending
146,PatchTST,ETTm2,96,3408,100,64,pending
147,PatchTST,ETTm2,96,3409,100,64,pending
148,PatchTST,ETTm2,192,3407,100,64,pending
149,PatchTST,ETTm2,192,3408,100,64,pending
150,PatchTST,ETTm2,192,3409,100,64,pending
151,PatchTST,ETTm2,336,3407,100,64,pending
152,PatchTST,ETTm2,336,3408,100,64,pending
153,PatchTST,ETTm2,336,3409,100,64,pending
154,PatchTST,ETTm2,720,3407,100,64,pending
155,PatchTST,ETTm2,720,3408,100,64,pending
156,PatchTST,ETTm2,720,3409,100,64,pending
157,PatchTST,Weather,96,3407,100,64,pending
158,PatchTST,Weather,96,3408,100,64,pending
159,PatchTST,Weather,96,3409,100,64,pending
160,PatchTST,Weather,192,3407,100,64,pending
161,PatchTST,Weather,192,3408,100,64,pending
162,PatchTST,Weather,192,3409,100,64,pending
163,PatchTST,Weather,336,3407,100,64,pending
164,PatchTST,Weather,336,3408,100,64,pending
165,PatchTST,Weather,336,3409,100,64,pending
166,PatchTST,Weather,720,3407,100,64,pending
167,PatchTST,Weather,720,3408,100,64,pending
168,PatchTST,Weather,720,3409,100,64,pending
169,PatchTST,Electricity,96,3407,100,16,pending
170,PatchTST,Electricity,96,3408,100,16,pending
171,PatchTST,Electricity,96,3409,100,16,pending
172,PatchTST,Electricity,192,3407,100,16,pending
173,PatchTST,Electricity,192,3408,100,16,pending
174,PatchTST,Electricity,192,3409,100,16,pending
175,PatchTST,Electricity,336,3407,100,16,pending
176,PatchTST,Electricity,336,3408,100,16,pending
177,PatchTST,Electricity,336,3409,100,16,pending
178,PatchTST,Electricity,720,3407,100,16,pending
179,PatchTST,Electricity,720,3408,100,16,pending
180,PatchTST,Electricity,720,3409,100,16,pending
181,PatchTST,ILI,24,3407,100,64,pending
182,PatchTST,ILI,24,3408,100,64,pending
183,PatchTST,ILI,24,3409,100,64,pending
184,PatchTST,ILI,36,3407,100,64,pending
185,PatchTST,ILI,36,3408,100,64,pending
186,PatchTST,ILI,36,3409,100,64,pending
187,PatchTST,ILI,48,3407,100,64,pending
188,PatchTST,ILI,48,3408,100,64,pending
189,PatchTST,ILI,48,3409,100,64,pending
190,PatchTST,ILI,60,3407,100,64,pending
191,PatchTST,ILI,60,3408,100,64,pending
192,PatchTST,ILI,60,3409,100,64,pending
193,PatchTST,ExchangeRate,96,3407,100,64,pending
194,PatchTST,ExchangeRate,96,3408,100,64,pending
195,PatchTST,ExchangeRate,96,3409,100,64,pending
196,PatchTST,ExchangeRate,192,3407,100,64,pending
197,PatchTST,ExchangeRate,192,3408,100,64,pending
198,PatchTST,ExchangeRate,192,3409,100,64,pending
199,PatchTST,ExchangeRate,336,3407,100,64,pending
200,PatchTST,ExchangeRate,336,3408,100,64,pending
201,PatchTST,ExchangeRate,336,3409,100,64,pending
202,PatchTST,ExchangeRate,720,3407,100,64,pending
203,PatchTST,ExchangeRate,720,3408,100,64,pending
204,PatchTST,ExchangeRate,720,3409,100,64,pending
205,PatchTST,Traffic,96,3407,100,8,pending
206,PatchTST,Traffic,96,3408,100,8,pending
207,PatchTST,Traffic,96,3409,100,8,pending
208,PatchTST,Traffic,192,3407,100,8,pending
209,PatchTST,Traffic,192,3408,100,8,pending
210,PatchTST,Traffic,192,3409,100,8,pending
211,PatchTST,Traffic,336,3407,100,8,pending
212,PatchTST,Traffic,336,3408,100,8,pending
213,PatchTST,Traffic,336,3409,100,8,pending
214,PatchTST,Traffic,720,3407,100,8,pending
215,PatchTST,Traffic,720,3408,100,8,pending
216,PatchTST,Traffic,720,3409,100,8,pending
217,TimesNet,ETTh1,96,3407,10,32,pending
218,TimesNet,ETTh1,96,3408,10,32,pending
219,TimesNet,ETTh1,96,3409,10,32,pending
220,TimesNet,ETTh1,192,3407,10,32,pending
221,TimesNet,ETTh1,192,3408,10,32,pending
222,TimesNet,ETTh1,192,3409,10,32,pending
223,TimesNet,ETTh1,336,3407,10,32,pending
224,TimesNet,ETTh1,336,3408,10,32,pending
225,TimesNet,ETTh1,336,3409,10,32,pending
226,TimesNet,ETTh1,720,3407,10,32,pending
227,TimesNet,ETTh1,720,3408,10,32,pending
228,TimesNet,ETTh1,720,3409,10,32,pending
229,TimesNet,ETTh2,96,3407,10,32,pending
230,TimesNet,ETTh2,96,3408,10,32,pending
231,TimesNet,ETTh2,96,3409,10,32,pending
232,TimesNet,ETTh2,192,3407,10,32,pending
233,TimesNet,ETTh2,192,3408,10,32,pending
234,TimesNet,ETTh2,192,3409,10,32,pending
235,TimesNet,ETTh2,336,3407,10,32,pending
236,TimesNet,ETTh2,336,3408,10,32,pending
237,TimesNet,ETTh2,336,3409,10,32,pending
238,TimesNet,ETTh2,720,3407,10,32,pending
239,TimesNet,ETTh2,720,3408,10,32,pending
240,TimesNet,ETTh2,720,3409,10,32,pending
241,TimesNet,ETTm1,96,3407,10,32,pending
242,TimesNet,ETTm1,96,3408,10,32,pending
243,TimesNet,ETTm1,96,3409,10,32,pending
244,TimesNet,ETTm1,192,3407,10,32,pending
245,TimesNet,ETTm1,192,3408,10,32,pending
246,TimesNet,ETTm1,192,3409,10,32,pending
247,TimesNet,ETTm1,336,3407,10,32,pending
248,TimesNet,ETTm1,336,3408,10,32,pending
249,TimesNet,ETTm1,336,3409,10,32,pending
250,TimesNet,ETTm1,720,3407,10,32,pending
251,TimesNet,ETTm1,720,3408,10,32,pending
252,TimesNet,ETTm1,720,3409,10,32,pending
253,TimesNet,ETTm2,96,3407,10,32,pending
254,TimesNet,ETTm2,96,3408,10,32,pending
255,TimesNet,ETTm2,96,3409,10,32,pending
256,TimesNet,ETTm2,192,3407,10,32,pending
257,TimesNet,ETTm2,192,3408,10,32,pending
258,TimesNet,ETTm2,192,3409,10,32,pending
259,TimesNet,ETTm2,336,3407,10,32,pending
260,TimesNet,ETTm2,336,3408,10,32,pending
261,TimesNet,ETTm2,336,3409,10,32,pending
262,TimesNet,ETTm2,720,3407,10,32,pending
263,TimesNet,ETTm2,720,3408,10,32,pending
264,TimesNet,ETTm2,720,3409,10,32,pending
265,TimesNet,Weather,96,3407,10,32,pending
266,TimesNet,Weather,96,3408,10,32,pending
267,TimesNet,Weather,96,3409,10,32,pending
268,TimesNet,Weather,192,3407,10,32,pending
269,TimesNet,Weather,192,3408,10,32,pending
270,TimesNet,Weather,192,3409,10,32,pending
271,TimesNet,Weather,336,3407,10,32,pending
272,TimesNet,Weather,336,3408,10,32,pending
273,TimesNet,Weather,336,3409,10,32,pending
274,TimesNet,Weather,720,3407,10,32,pending
275,TimesNet,Weather,720,3408,10,32,pending
276,TimesNet,Weather,720,3409,10,32,pending
277,TimesNet,Electricity,96,3407,10,16,pending
278,TimesNet,Electricity,96,3408,10,16,pending
279,TimesNet,Electricity,96,3409,10,16,pending
280,TimesNet,Electricity,192,3407,10,16,pending
281,TimesNet,Electricity,192,3408,10,16,pending
282,TimesNet,Electricity,192,3409,10,16,pending
283,TimesNet,Electricity,336,3407,10,16,pending
284,TimesNet,Electricity,336,3408,10,16,pending
285,TimesNet,Electricity,336,3409,10,16,pending
286,TimesNet,Electricity,720,3407,10,16,pending
287,TimesNet,Electricity,720,3408,10,16,pending
288,TimesNet,Electricity,720,3409,10,16,pending
289,TimesNet,ILI,24,3407,10,32,pending
290,TimesNet,ILI,24,3408,10,32,pending
291,TimesNet,ILI,24,3409,10,32,pending
292,TimesNet,ILI,36,3407,10,32,pending
293,TimesNet,ILI,36,3408,10,32,pending
294,TimesNet,ILI,36,3409,10,32,pending
295,TimesNet,ILI,48,3407,10,32,pending
296,TimesNet,ILI,48,3408,10,32,pending
297,TimesNet,ILI,48,3409,10,32,pending
298,TimesNet,ILI,60,3407,10,32,pending
299,TimesNet,ILI,60,3408,10,32,pending
300,TimesNet,ILI,60,3409,10,32,pending
301,TimesNet,ExchangeRate,96,3407,10,32,pending
302,TimesNet,ExchangeRate,96,3408,10,32,pending
303,TimesNet,ExchangeRate,96,3409,10,32,pending
304,TimesNet,ExchangeRate,192,3407,10,32,pending
305,TimesNet,ExchangeRate,192,3408,10,32,pending
306,TimesNet,ExchangeRate,192,3409,10,32,pending
307,TimesNet,ExchangeRate,336,3407,10,32,pending
308,TimesNet,ExchangeRate,336,3408,10,32,pending
309,TimesNet,ExchangeRate,336,3409,10,32,pending
310,TimesNet,ExchangeRate,720,3407,10,32,pending
311,TimesNet,ExchangeRate,720,3408,10,32,pending
312,TimesNet,ExchangeRate,720,3409,10,32,pending
313,TimesNet,Traffic,96,3407,10,8,pending
314,TimesNet,Traffic,96,3408,10,8,pending
315,TimesNet,Traffic,96,3409,10,8,pending
316,TimesNet,Traffic,192,3407,10,8,pending
317,TimesNet,Traffic,192,3408,10,8,pending
318,TimesNet,Traffic,192,3409,10,8,pending
319,TimesNet,Traffic,336,3407,10,8,pending
320,TimesNet,Traffic,336,3408,10,8,pending
321,TimesNet,Traffic,336,3409,10,8,pending
322,TimesNet,Traffic,720,3407,10,8,pending
323,TimesNet,Traffic,720,3408,10,8,pending
324,TimesNet,Traffic,720,3409,10,8,pending
325,iTransformer,ETTh1,96,3407,10,32,pending
326,iTransformer,ETTh1,96,3408,10,32,pending
327,iTransformer,ETTh1,96,3409,10,32,pending
328,iTransformer,ETTh1,192,3407,10,32,pending
329,iTransformer,ETTh1,192,3408,10,32,pending
330,iTransformer,ETTh1,192,3409,10,32,pending
331,iTransformer,ETTh1,336,3407,10,32,pending
332,iTransformer,ETTh1,336,3408,10,32,pending
333,iTransformer,ETTh1,336,3409,10,32,pending
334,iTransformer,ETTh1,720,3407,10,32,pending
335,iTransformer,ETTh1,720,3408,10,32,pending
336,iTransformer,ETTh1,720,3409,10,32,pending
337,iTransformer,ETTh2,96,3407,10,32,pending
338,iTransformer,ETTh2,96,3408,10,32,pending
339,iTransformer,ETTh2,96,3409,10,32,pending
340,iTransformer,ETTh2,192,3407,10,32,pending
341,iTransformer,ETTh2,192,3408,10,32,pending
342,iTransformer,ETTh2,192,3409,10,32,pending
343,iTransformer,ETTh2,336,3407,10,32,pending
344,iTransformer,ETTh2,336,3408,10,32,pending
345,iTransformer,ETTh2,336,3409,10,32,pending
346,iTransformer,ETTh2,720,3407,10,32,pending
347,iTransformer,ETTh2,720,3408,10,32,pending
348,iTransformer,ETTh2,720,3409,10,32,pending
349,iTransformer,ETTm1,96,3407,10,32,pending
350,iTransformer,ETTm1,96,3408,10,32,pending
351,iTransformer,ETTm1,96,3409,10,32,pending
352,iTransformer,ETTm1,192,3407,10,32,pending
353,iTransformer,ETTm1,192,3408,10,32,pending
354,iTransformer,ETTm1,192,3409,10,32,pending
355,iTransformer,ETTm1,336,3407,10,32,pending
356,iTransformer,ETTm1,336,3408,10,32,pending
357,iTransformer,ETTm1,336,3409,10,32,pending
358,iTransformer,ETTm1,720,3407,10,32,pending
359,iTransformer,ETTm1,720,3408,10,32,pending
360,iTransformer,ETTm1,720,3409,10,32,pending
361,iTransformer,ETTm2,96,3407,10,32,pending
362,iTransformer,ETTm2,96,3408,10,32,pending
363,iTransformer,ETTm2,96,3409,10,32,pending
364,iTransformer,ETTm2,192,3407,10,32,pending
365,iTransformer,ETTm2,192,3408,10,32,pending
366,iTransformer,ETTm2,192,3409,10,32,pending
367,iTransformer,ETTm2,336,3407,10,32,pending
368,iTransformer,ETTm2,336,3408,10,32,pending
369,iTransformer,ETTm2,336,3409,10,32,pending
370,iTransformer,ETTm2,720,3407,10,32,pending
371,iTransformer,ETTm2,720,3408,10,32,pending
372,iTransformer,ETTm2,720,3409,10,32,pending
373,iTransformer,Weather,96,3407,10,32,pending
374,iTransformer,Weather,96,3408,10,32,pending
375,iTransformer,Weather,96,3409,10,32,pending
376,iTransformer,Weather,192,3407,10,32,pending
377,iTransformer,Weather,192,3408,10,32,pending
378,iTransformer,Weather,192,3409,10,32,pending
379,iTransformer,Weather,336,3407,10,32,pending
380,iTransformer,Weather,336,3408,10,32,pending
381,iTransformer,Weather,336,3409,10,32,pending
382,iTransformer,Weather,720,3407,10,32,pending
383,iTransformer,Weather,720,3408,10,32,pending
384,iTransformer,Weather,720,3409,10,32,pending
385,iTransformer,Electricity,96,3407,10,16,pending
386,iTransformer,Electricity,96,3408,10,16,pending
387,iTransformer,Electricity,96,3409,10,16,pending
388,iTransformer,Electricity,192,3407,10,16,pending
389,iTransformer,Electricity,192,3408,10,16,pending
390,iTransformer,Electricity,192,3409,10,16,pending
391,iTransformer,Electricity,336,3407,10,16,pending
392,iTransformer,Electricity,336,3408,10,16,pending
393,iTransformer,Electricity,336,3409,10,16,pending
394,iTransformer,Electricity,720,3407,10,16,pending
395,iTransformer,Electricity,720,3408,10,16,pending
396,iTransformer,Electricity,720,3409,10,16,pending
397,iTransformer,ILI,24,3407,10,32,pending
398,iTransformer,ILI,24,3408,10,32,pending
399,iTransformer,ILI,24,3409,10,32,pending
400,iTransformer,ILI,36,3407,10,32,pending
401,iTransformer,ILI,36,3408,10,32,pending
402,iTransformer,ILI,36,3409,10,32,pending
403,iTransformer,ILI,48,3407,10,32,pending
404,iTransformer,ILI,48,3408,10,32,pending
405,iTransformer,ILI,48,3409,10,32,pending
406,iTransformer,ILI,60,3407,10,32,pending
407,iTransformer,ILI,60,3408,10,32,pending
408,iTransformer,ILI,60,3409,10,32,pending
409,iTransformer,ExchangeRate,96,3407,10,32,pending
410,iTransformer,ExchangeRate,96,3408,10,32,pending
411,iTransformer,ExchangeRate,96,3409,10,32,pending
412,iTransformer,ExchangeRate,192,3407,10,32,pending
413,iTransformer,ExchangeRate,192,3408,10,32,pending
414,iTransformer,ExchangeRate,192,3409,10,32,pending
415,iTransformer,ExchangeRate,336,3407,10,32,pending
416,iTransformer,ExchangeRate,336,3408,10,32,pending
417,iTransformer,ExchangeRate,336,3409,10,32,pending
418,iTransformer,ExchangeRate,720,3407,10,32,pending
419,iTransformer,ExchangeRate,720,3408,10,32,pending
420,iTransformer,ExchangeRate,720,3409,10,32,pending
421,iTransformer,Traffic,96,3407,10,8,pending
422,iTransformer,Traffic,96,3408,10,8,pending
423,iTransformer,Traffic,96,3409,10,8,pending
424,iTransformer,Traffic,192,3407,10,8,pending
425,iTransformer,Traffic,192,3408,10,8,pending
426,iTransformer,Traffic,192,3409,10,8,pending
427,iTransformer,Traffic,336,3407,10,8,pending
428,iTransformer,Traffic,336,3408,10,8,pending
429,iTransformer,Traffic,336,3409,10,8,pending
430,iTransformer,Traffic,720,3407,10,8,pending
431,iTransformer,Traffic,720,3408,10,8,pending
432,iTransformer,Traffic,720,3409,10,8,pending
433,TimeMixer,ETTh1,96,3407,10,32,pending
434,TimeMixer,ETTh1,96,3408,10,32,pending
435,TimeMixer,ETTh1,96,3409,10,32,pending
436,TimeMixer,ETTh1,192,3407,10,32,pending
437,TimeMixer,ETTh1,192,3408,10,32,pending
438,TimeMixer,ETTh1,192,3409,10,32,pending
439,TimeMixer,ETTh1,336,3407,10,32,pending
440,TimeMixer,ETTh1,336,3408,10,32,pending
441,TimeMixer,ETTh1,336,3409,10,32,pending
442,TimeMixer,ETTh1,720,3407,10,32,pending
443,TimeMixer,ETTh1,720,3408,10,32,pending
444,TimeMixer,ETTh1,720,3409,10,32,pending
445,TimeMixer,ETTh2,96,3407,10,32,pending
446,TimeMixer,ETTh2,96,3408,10,32,pending
447,TimeMixer,ETTh2,96,3409,10,32,pending
448,TimeMixer,ETTh2,192,3407,10,32,pending
449,TimeMixer,ETTh2,192,3408,10,32,pending
450,TimeMixer,ETTh2,192,3409,10,32,pending
451,TimeMixer,ETTh2,336,3407,10,32,pending
452,TimeMixer,ETTh2,336,3408,10,32,pending
453,TimeMixer,ETTh2,336,3409,10,32,pending
454,TimeMixer,ETTh2,720,3407,10,32,pending
455,TimeMixer,ETTh2,720,3408,10,32,pending
456,TimeMixer,ETTh2,720,3409,10,32,pending
457,TimeMixer,ETTm1,96,3407,10,32,pending
458,TimeMixer,ETTm1,96,3408,10,32,pending
459,TimeMixer,ETTm1,96,3409,10,32,pending
460,TimeMixer,ETTm1,192,3407,10,32,pending
461,TimeMixer,ETTm1,192,3408,10,32,pending
462,TimeMixer,ETTm1,192,3409,10,32,pending
463,TimeMixer,ETTm1,336,3407,10,32,pending
464,TimeMixer,ETTm1,336,3408,10,32,pending
465,TimeMixer,ETTm1,336,3409,10,32,pending
466,TimeMixer,ETTm1,720,3407,10,32,pending
467,TimeMixer,ETTm1,720,3408,10,32,pending
468,TimeMixer,ETTm1,720,3409,10,32,pending
469,TimeMixer,ETTm2,96,3407,10,32,pending
470,TimeMixer,ETTm2,96,3408,10,32,pending
471,TimeMixer,ETTm2,96,3409,10,32,pending
472,TimeMixer,ETTm2,192,3407,10,32,pending
473,TimeMixer,ETTm2,192,3408,10,32,pending
474,TimeMixer,ETTm2,192,3409,10,32,pending
475,TimeMixer,ETTm2,336,3407,10,32,pending
476,TimeMixer,ETTm2,336,3408,10,32,pending
477,TimeMixer,ETTm2,336,3409,10,32,pending
478,TimeMixer,ETTm2,720,3407,10,32,pending
479,TimeMixer,ETTm2,720,3408,10,32,pending
480,TimeMixer,ETTm2,720,3409,10,32,pending
481,TimeMixer,Weather,96,3407,10,32,pending
482,TimeMixer,Weather,96,3408,10,32,pending
483,TimeMixer,Weather,96,3409,10,32,pending
484,TimeMixer,Weather,192,3407,10,32,pending
485,TimeMixer,Weather,192,3408,10,32,pending
486,TimeMixer,Weather,192,3409,10,32,pending
487,TimeMixer,Weather,336,3407,10,32,pending
488,TimeMixer,Weather,336,3408,10,32,pending
489,TimeMixer,Weather,336,3409,10,32,pending
490,TimeMixer,Weather,720,3407,10,32,pending
491,TimeMixer,Weather,720,3408,10,32,pending
492,TimeMixer,Weather,720,3409,10,32,pending
493,TimeMixer,Electricity,96,3407,10,16,pending
494,TimeMixer,Electricity,96,3408,10,16,pending
495,TimeMixer,Electricity,96,3409,10,16,pending
496,TimeMixer,Electricity,192,3407,10,16,pending
497,TimeMixer,Electricity,192,3408,10,16,pending
498,TimeMixer,Electricity,192,3409,10,16,pending
499,TimeMixer,Electricity,336,3407,10,16,pending
500,TimeMixer,Electricity,336,3408,10,16,pending
501,TimeMixer,Electricity,336,3409,10,16,pending
502,TimeMixer,Electricity,720,3407,10,16,pending
503,TimeMixer,Electricity,720,3408,10,16,pending
504,TimeMixer,Electricity,720,3409,10,16,pending
505,TimeMixer,ILI,24,3407,10,32,pending
506,TimeMixer,ILI,24,3408,10,32,pending
507,TimeMixer,ILI,24,3409,10,32,pending
508,TimeMixer,ILI,36,3407,10,32,pending
509,TimeMixer,ILI,36,3408,10,32,pending
510,TimeMixer,ILI,36,3409,10,32,pending
511,TimeMixer,ILI,48,3407,10,32,pending
512,TimeMixer,ILI,48,3408,10,32,pending
513,TimeMixer,ILI,48,3409,10,32,pending
514,TimeMixer,ILI,60,3407,10,32,pending
515,TimeMixer,ILI,60,3408,10,32,pending
516,TimeMixer,ILI,60,3409,10,32,pending
517,TimeMixer,ExchangeRate,96,3407,10,32,pending
518,TimeMixer,ExchangeRate,96,3408,10,32,pending
519,TimeMixer,ExchangeRate,96,3409,10,32,pending
520,TimeMixer,ExchangeRate,192,3407,10,32,pending
521,TimeMixer,ExchangeRate,192,3408,10,32,pending
522,TimeMixer,ExchangeRate,192,3409,10,32,pending
523,TimeMixer,ExchangeRate,336,3407,10,32,pending
524,TimeMixer,ExchangeRate,336,3408,10,32,pending
525,TimeMixer,ExchangeRate,336,3409,10,32,pending
526,TimeMixer,ExchangeRate,720,3407,10,32,pending
527,TimeMixer,ExchangeRate,720,3408,10,32,pending
528,TimeMixer,ExchangeRate,720,3409,10,32,pending
529,TimeMixer,Traffic,96,3407,10,8,pending
530,TimeMixer,Traffic,96,3408,10,8,pending
531,TimeMixer,Traffic,96,3409,10,8,pending
532,TimeMixer,Traffic,192,3407,10,8,pending
533,TimeMixer,Traffic,192,3408,10,8,pending
534,TimeMixer,Traffic,192,3409,10,8,pending
535,TimeMixer,Traffic,336,3407,10,8,pending
536,TimeMixer,Traffic,336,3408,10,8,pending
537,TimeMixer,Traffic,336,3409,10,8,pending
538,TimeMixer,Traffic,720,3407,10,8,pending
539,TimeMixer,Traffic,720,3408,10,8,pending
540,TimeMixer,Traffic,720,3409,10,8,pending
541,WPMixer,ETTh1,96,3407,10,64,pending
542,WPMixer,ETTh1,96,3408,10,64,pending
543,WPMixer,ETTh1,96,3409,10,64,pending
544,WPMixer,ETTh1,192,3407,10,64,pending
545,WPMixer,ETTh1,192,3408,10,64,pending
546,WPMixer,ETTh1,192,3409,10,64,pending
547,WPMixer,ETTh1,336,3407,10,64,pending
548,WPMixer,ETTh1,336,3408,10,64,pending
549,WPMixer,ETTh1,336,3409,10,64,pending
550,WPMixer,ETTh1,720,3407,10,64,pending
551,WPMixer,ETTh1,720,3408,10,64,pending
552,WPMixer,ETTh1,720,3409,10,64,pending
553,WPMixer,ETTh2,96,3407,10,64,pending
554,WPMixer,ETTh2,96,3408,10,64,pending
555,WPMixer,ETTh2,96,3409,10,64,pending
556,WPMixer,ETTh2,192,3407,10,64,pending
557,WPMixer,ETTh2,192,3408,10,64,pending
558,WPMixer,ETTh2,192,3409,10,64,pending
559,WPMixer,ETTh2,336,3407,10,64,pending
560,WPMixer,ETTh2,336,3408,10,64,pending
561,WPMixer,ETTh2,336,3409,10,64,pending
562,WPMixer,ETTh2,720,3407,10,64,pending
563,WPMixer,ETTh2,720,3408,10,64,pending
564,WPMixer,ETTh2,720,3409,10,64,pending
565,WPMixer,ETTm1,96,3407,10,64,pending
566,WPMixer,ETTm1,96,3408,10,64,pending
567,WPMixer,ETTm1,96,3409,10,64,pending
568,WPMixer,ETTm1,192,3407,10,64,pending
569,WPMixer,ETTm1,192,3408,10,64,pending
570,WPMixer,ETTm1,192,3409,10,64,pending
571,WPMixer,ETTm1,336,3407,10,64,pending
572,WPMixer,ETTm1,336,3408,10,64,pending
573,WPMixer,ETTm1,336,3409,10,64,pending
574,WPMixer,ETTm1,720,3407,10,64,pending
575,WPMixer,ETTm1,720,3408,10,64,pending
576,WPMixer,ETTm1,720,3409,10,64,pending
577,WPMixer,ETTm2,96,3407,10,64,pending
578,WPMixer,ETTm2,96,3408,10,64,pending
579,WPMixer,ETTm2,96,3409,10,64,pending
580,WPMixer,ETTm2,192,3407,10,64,pending
581,WPMixer,ETTm2,192,3408,10,64,pending
582,WPMixer,ETTm2,192,3409,10,64,pending
583,WPMixer,ETTm2,336,3407,10,64,pending
584,WPMixer,ETTm2,336,3408,10,64,pending
585,WPMixer,ETTm2,336,3409,10,64,pending
586,WPMixer,ETTm2,720,3407,10,64,pending
587,WPMixer,ETTm2,720,3408,10,64,pending
588,WPMixer,ETTm2,720,3409,10,64,pending
589,WPMixer,Weather,96,3407,10,64,pending
590,WPMixer,Weather,96,3408,10,64,pending
591,WPMixer,Weather,96,3409,10,64,pending
592,WPMixer,Weather,192,3407,10,64,pending
593,WPMixer,Weather,192,3408,10,64,pending
594,WPMixer,Weather,192,3409,10,64,pending
595,WPMixer,Weather,336,3407,10,64,pending
596,WPMixer,Weather,336,3408,10,64,pending
597,WPMixer,Weather,336,3409,10,64,pending
598,WPMixer,Weather,720,3407,10,64,pending
599,WPMixer,Weather,720,3408,10,64,pending
600,WPMixer,Weather,720,3409,10,64,pending
601,WPMixer,Electricity,96,3407,10,16,pending
602,WPMixer,Electricity,96,3408,10,16,pending
603,WPMixer,Electricity,96,3409,10,16,pending
604,WPMixer,Electricity,192,3407,10,16,pending
605,WPMixer,Electricity,192,3408,10,16,pending
606,WPMixer,Electricity,192,3409,10,16,pending
607,WPMixer,Electricity,336,3407,10,16,pending
608,WPMixer,Electricity,336,3408,10,16,pending
609,WPMixer,Electricity,336,3409,10,16,pending
610,WPMixer,Electricity,720,3407,10,16,pending
611,WPMixer,Electricity,720,3408,10,16,pending
612,WPMixer,Electricity,720,3409,10,16,pending
613,WPMixer,ILI,24,3407,10,64,pending
614,WPMixer,ILI,24,3408,10,64,pending
615,WPMixer,ILI,24,3409,10,64,pending
616,WPMixer,ILI,36,3407,10,64,pending
617,WPMixer,ILI,36,3408,10,64,pending
618,WPMixer,ILI,36,3409,10,64,pending
619,WPMixer,ILI,48,3407,10,64,pending
620,WPMixer,ILI,48,3408,10,64,pending
621,WPMixer,ILI,48,3409,10,64,pending
622,WPMixer,ILI,60,3407,10,64,pending
623,WPMixer,ILI,60,3408,10,64,pending
624,WPMixer,ILI,60,3409,10,64,pending
625,WPMixer,ExchangeRate,96,3407,10,64,pending
626,WPMixer,ExchangeRate,96,3408,10,64,pending
627,WPMixer,ExchangeRate,96,3409,10,64,pending
628,WPMixer,ExchangeRate,192,3407,10,64,pending
629,WPMixer,ExchangeRate,192,3408,10,64,pending
630,WPMixer,ExchangeRate,192,3409,10,64,pending
631,WPMixer,ExchangeRate,336,3407,10,64,pending
632,WPMixer,ExchangeRate,336,3408,10,64,pending
633,WPMixer,ExchangeRate,336,3409,10,64,pending
634,WPMixer,ExchangeRate,720,3407,10,64,pending
635,WPMixer,ExchangeRate,720,3408,10,64,pending
636,WPMixer,ExchangeRate,720,3409,10,64,pending
637,WPMixer,Traffic,96,3407,10,8,pending
638,WPMixer,Traffic,96,3408,10,8,pending
639,WPMixer,Traffic,96,3409,10,8,pending
640,WPMixer,Traffic,192,3407,10,8,pending
641,WPMixer,Traffic,192,3408,10,8,pending
642,WPMixer,Traffic,192,3409,10,8,pending
643,WPMixer,Traffic,336,3407,10,8,pending
644,WPMixer,Traffic,336,3408,10,8,pending
645,WPMixer,Traffic,336,3409,10,8,pending
646,WPMixer,Traffic,720,3407,10,8,pending
647,WPMixer,Traffic,720,3408,10,8,pending
648,WPMixer,Traffic,720,3409,10,8,pending
649,TimeFilter,ETTh1,96,3407,10,32,pending
650,TimeFilter,ETTh1,96,3408,10,32,pending
651,TimeFilter,ETTh1,96,3409,10,32,pending
652,TimeFilter,ETTh1,192,3407,10,32,pending
653,TimeFilter,ETTh1,192,3408,10,32,pending
654,TimeFilter,ETTh1,192,3409,10,32,pending
655,TimeFilter,ETTh1,336,3407,10,32,pending
656,TimeFilter,ETTh1,336,3408,10,32,pending
657,TimeFilter,ETTh1,336,3409,10,32,pending
658,TimeFilter,ETTh1,720,3407,10,32,pending
659,TimeFilter,ETTh1,720,3408,10,32,pending
660,TimeFilter,ETTh1,720,3409,10,32,pending
661,TimeFilter,ETTh2,96,3407,10,32,pending
662,TimeFilter,ETTh2,96,3408,10,32,pending
663,TimeFilter,ETTh2,96,3409,10,32,pending
664,TimeFilter,ETTh2,192,3407,10,32,pending
665,TimeFilter,ETTh2,192,3408,10,32,pending
666,TimeFilter,ETTh2,192,3409,10,32,pending
667,TimeFilter,ETTh2,336,3407,10,32,pending
668,TimeFilter,ETTh2,336,3408,10,32,pending
669,TimeFilter,ETTh2,336,3409,10,32,pending
670,TimeFilter,ETTh2,720,3407,10,32,pending
671,TimeFilter,ETTh2,720,3408,10,32,pending
672,TimeFilter,ETTh2,720,3409,10,32,pending
673,TimeFilter,ETTm1,96,3407,10,32,pending
674,TimeFilter,ETTm1,96,3408,10,32,pending
675,TimeFilter,ETTm1,96,3409,10,32,pending
676,TimeFilter,ETTm1,192,3407,10,32,pending
677,TimeFilter,ETTm1,192,3408,10,32,pending
678,TimeFilter,ETTm1,192,3409,10,32,pending
679,TimeFilter,ETTm1,336,3407,10,32,pending
680,TimeFilter,ETTm1,336,3408,10,32,pending
681,TimeFilter,ETTm1,336,3409,10,32,pending
682,TimeFilter,ETTm1,720,3407,10,32,pending
683,TimeFilter,ETTm1,720,3408,10,32,pending
684,TimeFilter,ETTm1,720,3409,10,32,pending
685,TimeFilter,ETTm2,96,3407,10,32,pending
686,TimeFilter,ETTm2,96,3408,10,32,pending
687,TimeFilter,ETTm2,96,3409,10,32,pending
688,TimeFilter,ETTm2,192,3407,10,32,pending
689,TimeFilter,ETTm2,192,3408,10,32,pending
690,TimeFilter,ETTm2,192,3409,10,32,pending
691,TimeFilter,ETTm2,336,3407,10,32,pending
692,TimeFilter,ETTm2,336,3408,10,32,pending
693,TimeFilter,ETTm2,336,3409,10,32,pending
694,TimeFilter,ETTm2,720,3407,10,32,pending
695,TimeFilter,ETTm2,720,3408,10,32,pending
696,TimeFilter,ETTm2,720,3409,10,32,pending
697,TimeFilter,Weather,96,3407,10,32,pending
698,TimeFilter,Weather,96,3408,10,32,pending
699,TimeFilter,Weather,96,3409,10,32,pending
700,TimeFilter,Weather,192,3407,10,32,pending
701,TimeFilter,Weather,192,3408,10,32,pending
702,TimeFilter,Weather,192,3409,10,32,pending
703,TimeFilter,Weather,336,3407,10,32,pending
704,TimeFilter,Weather,336,3408,10,32,pending
705,TimeFilter,Weather,336,3409,10,32,pending
706,TimeFilter,Weather,720,3407,10,32,pending
707,TimeFilter,Weather,720,3408,10,32,pending
708,TimeFilter,Weather,720,3409,10,32,pending
709,TimeFilter,Electricity,96,3407,10,16,pending
710,TimeFilter,Electricity,96,3408,10,16,pending
711,TimeFilter,Electricity,96,3409,10,16,pending
712,TimeFilter,Electricity,192,3407,10,16,pending
713,TimeFilter,Electricity,192,3408,10,16,pending
714,TimeFilter,Electricity,192,3409,10,16,pending
715,TimeFilter,Electricity,336,3407,10,16,pending
716,TimeFilter,Electricity,336,3408,10,16,pending
717,TimeFilter,Electricity,336,3409,10,16,pending
718,TimeFilter,Electricity,720,3407,10,16,pending
719,TimeFilter,Electricity,720,3408,10,16,pending
720,TimeFilter,Electricity,720,3409,10,16,pending
721,TimeFilter,ILI,24,3407,10,32,pending
722,TimeFilter,ILI,24,3408,10,32,pending
723,TimeFilter,ILI,24,3409,10,32,pending
724,TimeFilter,ILI,36,3407,10,32,pending
725,TimeFilter,ILI,36,3408,10,32,pending
726,TimeFilter,ILI,36,3409,10,32,pending
727,TimeFilter,ILI,48,3407,10,32,pending
728,TimeFilter,ILI,48,3408,10,32,pending
729,TimeFilter,ILI,48,3409,10,32,pending
730,TimeFilter,ILI,60,3407,10,32,pending
731,TimeFilter,ILI,60,3408,10,32,pending
732,TimeFilter,ILI,60,3409,10,32,pending
733,TimeFilter,ExchangeRate,96,3407,10,32,pending
734,TimeFilter,ExchangeRate,96,3408,10,32,pending
735,TimeFilter,ExchangeRate,96,3409,10,32,pending
736,TimeFilter,ExchangeRate,192,3407,10,32,pending
737,TimeFilter,ExchangeRate,192,3408,10,32,pending
738,TimeFilter,ExchangeRate,192,3409,10,32,pending
739,TimeFilter,ExchangeRate,336,3407,10,32,pending
740,TimeFilter,ExchangeRate,336,3408,10,32,pending
741,TimeFilter,ExchangeRate,336,3409,10,32,pending
742,TimeFilter,ExchangeRate,720,3407,10,32,pending
743,TimeFilter,ExchangeRate,720,3408,10,32,pending
744,TimeFilter,ExchangeRate,720,3409,10,32,pending
745,TimeFilter,Traffic,96,3407,10,8,pending
746,TimeFilter,Traffic,96,3408,10,8,pending
747,TimeFilter,Traffic,96,3409,10,8,pending
748,TimeFilter,Traffic,192,3407,10,8,pending
749,TimeFilter,Traffic,192,3408,10,8,pending
750,TimeFilter,Traffic,192,3409,10,8,pending
751,TimeFilter,Traffic,336,3407,10,8,pending
752,TimeFilter,Traffic,336,3408,10,8,pending
753,TimeFilter,Traffic,336,3409,10,8,pending
754,TimeFilter,Traffic,720,3407,10,8,pending
755,TimeFilter,Traffic,720,3408,10,8,pending
756,TimeFilter,Traffic,720,3409,10,8,pending
757,MultiPatchFormer,ETTh1,96,3407,20,32,pending
758,MultiPatchFormer,ETTh1,96,3408,20,32,pending
759,MultiPatchFormer,ETTh1,96,3409,20,32,pending
760,MultiPatchFormer,ETTh1,192,3407,20,32,pending
761,MultiPatchFormer,ETTh1,192,3408,20,32,pending
762,MultiPatchFormer,ETTh1,192,3409,20,32,pending
763,MultiPatchFormer,ETTh1,336,3407,20,32,pending
764,MultiPatchFormer,ETTh1,336,3408,20,32,pending
765,MultiPatchFormer,ETTh1,336,3409,20,32,pending
766,MultiPatchFormer,ETTh1,720,3407,20,32,pending
767,MultiPatchFormer,ETTh1,720,3408,20,32,pending
768,MultiPatchFormer,ETTh1,720,3409,20,32,pending
769,MultiPatchFormer,ETTh2,96,3407,20,32,pending
770,MultiPatchFormer,ETTh2,96,3408,20,32,pending
771,MultiPatchFormer,ETTh2,96,3409,20,32,pending
772,MultiPatchFormer,ETTh2,192,3407,20,32,pending
773,MultiPatchFormer,ETTh2,192,3408,20,32,pending
774,MultiPatchFormer,ETTh2,192,3409,20,32,pending
775,MultiPatchFormer,ETTh2,336,3407,20,32,pending
776,MultiPatchFormer,ETTh2,336,3408,20,32,pending
777,MultiPatchFormer,ETTh2,336,3409,20,32,pending
778,MultiPatchFormer,ETTh2,720,3407,20,32,pending
779,MultiPatchFormer,ETTh2,720,3408,20,32,pending
780,MultiPatchFormer,ETTh2,720,3409,20,32,pending
781,MultiPatchFormer,ETTm1,96,3407,20,32,pending
782,MultiPatchFormer,ETTm1,96,3408,20,32,pending
783,MultiPatchFormer,ETTm1,96,3409,20,32,pending
784,MultiPatchFormer,ETTm1,192,3407,20,32,pending
785,MultiPatchFormer,ETTm1,192,3408,20,32,pending
786,MultiPatchFormer,ETTm1,192,3409,20,32,pending
787,MultiPatchFormer,ETTm1,336,3407,20,32,pending
788,MultiPatchFormer,ETTm1,336,3408,20,32,pending
789,MultiPatchFormer,ETTm1,336,3409,20,32,pending
790,MultiPatchFormer,ETTm1,720,3407,20,32,pending
791,MultiPatchFormer,ETTm1,720,3408,20,32,pending
792,MultiPatchFormer,ETTm1,720,3409,20,32,pending
793,MultiPatchFormer,ETTm2,96,3407,20,32,pending
794,MultiPatchFormer,ETTm2,96,3408,20,32,pending
795,MultiPatchFormer,ETTm2,96,3409,20,32,pending
796,MultiPatchFormer,ETTm2,192,3407,20,32,pending
797,MultiPatchFormer,ETTm2,192,3408,20,32,pending
798,MultiPatchFormer,ETTm2,192,3409,20,32,pending
799,MultiPatchFormer,ETTm2,336,3407,20,32,pending
800,MultiPatchFormer,ETTm2,336,3408,20,32,pending
801,MultiPatchFormer,ETTm2,336,3409,20,32,pending
802,MultiPatchFormer,ETTm2,720,3407,20,32,pending
803,MultiPatchFormer,ETTm2,720,3408,20,32,pending
804,MultiPatchFormer,ETTm2,720,3409,20,32,pending
805,MultiPatchFormer,Weather,96,3407,20,32,pending
806,MultiPatchFormer,Weather,96,3408,20,32,pending
807,MultiPatchFormer,Weather,96,3409,20,32,pending
808,MultiPatchFormer,Weather,192,3407,20,32,pending
809,MultiPatchFormer,Weather,192,3408,20,32,pending
810,MultiPatchFormer,Weather,192,3409,20,32,pending
811,MultiPatchFormer,Weather,336,3407,20,32,pending
812,MultiPatchFormer,Weather,336,3408,20,32,pending
813,MultiPatchFormer,Weather,336,3409,20,32,pending
814,MultiPatchFormer,Weather,720,3407,20,32,pending
815,MultiPatchFormer,Weather,720,3408,20,32,pending
816,MultiPatchFormer,Weather,720,3409,20,32,pending
817,MultiPatchFormer,Electricity,96,3407,20,16,pending
818,MultiPatchFormer,Electricity,96,3408,20,16,pending
819,MultiPatchFormer,Electricity,96,3409,20,16,pending
820,MultiPatchFormer,Electricity,192,3407,20,16,pending
821,MultiPatchFormer,Electricity,192,3408,20,16,pending
822,MultiPatchFormer,Electricity,192,3409,20,16,pending
823,MultiPatchFormer,Electricity,336,3407,20,16,pending
824,MultiPatchFormer,Electricity,336,3408,20,16,pending
825,MultiPatchFormer,Electricity,336,3409,20,16,pending
826,MultiPatchFormer,Electricity,720,3407,20,16,pending
827,MultiPatchFormer,Electricity,720,3408,20,16,pending
828,MultiPatchFormer,Electricity,720,3409,20,16,pending
829,MultiPatchFormer,ILI,24,3407,20,32,pending
830,MultiPatchFormer,ILI,24,3408,20,32,pending
831,MultiPatchFormer,ILI,24,3409,20,32,pending
832,MultiPatchFormer,ILI,36,3407,20,32,pending
833,MultiPatchFormer,ILI,36,3408,20,32,pending
834,MultiPatchFormer,ILI,36,3409,20,32,pending
835,MultiPatchFormer,ILI,48,3407,20,32,pending
836,MultiPatchFormer,ILI,48,3408,20,32,pending
837,MultiPatchFormer,ILI,48,3409,20,32,pending
838,MultiPatchFormer,ILI,60,3407,20,32,pending
839,MultiPatchFormer,ILI,60,3408,20,32,pending
840,MultiPatchFormer,ILI,60,3409,20,32,pending
841,MultiPatchFormer,ExchangeRate,96,3407,20,32,pending
842,MultiPatchFormer,ExchangeRate,96,3408,20,32,pending
843,MultiPatchFormer,ExchangeRate,96,3409,20,32,pending
844,MultiPatchFormer,ExchangeRate,192,3407,20,32,pending
845,MultiPatchFormer,ExchangeRate,192,3408,20,32,pending
846,MultiPatchFormer,ExchangeRate,192,3409,20,32,pending
847,MultiPatchFormer,ExchangeRate,336,3407,20,32,pending
848,MultiPatchFormer,ExchangeRate,336,3408,20,32,pending
849,MultiPatchFormer,ExchangeRate,336,3409,20,32,pending
850,MultiPatchFormer,ExchangeRate,720,3407,20,32,pending
851,MultiPatchFormer,ExchangeRate,720,3408,20,32,pending
852,MultiPatchFormer,ExchangeRate,720,3409,20,32,pending
853,MultiPatchFormer,Traffic,96,3407,20,8,pending
854,MultiPatchFormer,Traffic,96,3408,20,8,pending
855,MultiPatchFormer,Traffic,96,3409,20,8,pending
856,MultiPatchFormer,Traffic,192,3407,20,8,pending
857,MultiPatchFormer,Traffic,192,3408,20,8,pending
858,MultiPatchFormer,Traffic,192,3409,20,8,pending
859,MultiPatchFormer,Traffic,336,3407,20,8,pending
860,MultiPatchFormer,Traffic,336,3408,20,8,pending
861,MultiPatchFormer,Traffic,336,3409,20,8,pending
862,MultiPatchFormer,Traffic,720,3407,20,8,pending
863,MultiPatchFormer,Traffic,720,3408,20,8,pending
864,MultiPatchFormer,Traffic,720,3409,20,8,pending
